<?xml version="1.0" encoding="UTF-8"?>
<GenRun Id="clk_40M_synth_1" LaunchPart="xc7a100tcsg324-1" LaunchTime="1681733829">
  <File Type="PA-TCL" Name="clk_40M.tcl"/>
  <File Type="REPORTS-TCL" Name="clk_40M_reports.tcl"/>
  <File Type="RDS-RDS" Name="clk_40M.vds"/>
  <File Type="RDS-UTIL" Name="clk_40M_utilization_synth.rpt"/>
  <File Type="RDS-UTIL-PB" Name="clk_40M_utilization_synth.pb"/>
  <File Type="RDS-DCP" Name="clk_40M.dcp"/>
  <FileSet Name="sources" Type="BlockSrcs" RelSrcDir="$PSRCDIR/clk_40M">
    <File Path="$PSRCDIR/sources_1/ip/clk_40M/clk_40M.xci">
      <FileInfo>
        <Attr Name="ImportPath" Val="$PPRDIR/../../../../Downloads/integ_with_score_display/integ_with_ADC/new_integ.srcs/sources_1/ip/clk_40M/clk_40M.xci"/>
        <Attr Name="ImportTime" Val="1682185472"/>
        <Attr Name="UsedIn" Val="synthesis"/>
        <Attr Name="UsedIn" Val="implementation"/>
        <Attr Name="UsedIn" Val="simulation"/>
      </FileInfo>
    </File>
    <Config>
      <Option Name="TopModule" Val="clk_40M"/>
      <Option Name="UseBlackboxStub" Val="1"/>
    </Config>
  </FileSet>
  <FileSet Name="constrs_in" Type="BlockSrcs" RelSrcDir="$PSRCDIR/clk_40M">
    <File Path="$PSRCDIR/sources_1/ip/clk_40M/clk_40M.xci">
      <FileInfo>
        <Attr Name="ImportPath" Val="$PPRDIR/../../../../Downloads/integ_with_score_display/integ_with_ADC/new_integ.srcs/sources_1/ip/clk_40M/clk_40M.xci"/>
        <Attr Name="ImportTime" Val="1682185472"/>
        <Attr Name="UsedIn" Val="synthesis"/>
        <Attr Name="UsedIn" Val="implementation"/>
        <Attr Name="UsedIn" Val="simulation"/>
      </FileInfo>
    </File>
    <Config>
      <Option Name="TopModule" Val="clk_40M"/>
      <Option Name="UseBlackboxStub" Val="1"/>
    </Config>
  </FileSet>
  <FileSet Name="utils" Type="Utils" RelSrcDir="$PSRCDIR/utils_1">
    <Filter Type="Utils"/>
    <Config>
      <Option Name="TopAutoSet" Val="TRUE"/>
    </Config>
  </FileSet>
  <Strategy Version="1" Minor="2">
    <StratHandle Name="Vivado Synthesis Defaults" Flow="Vivado Synthesis 2022"/>
    <Step Id="synth_design"/>
  </Strategy>
</GenRun>
