<?xml version="1.0" encoding="UTF-8"?>
<GenRun Id="impl_1" LaunchPart="xc7a100tcsg324-1" LaunchTime="1682197229">
  <File Type="ROUTE-PWR" Name="integ_power_routed.rpt"/>
  <File Type="PA-TCL" Name="integ.tcl"/>
  <File Type="BITSTR-MMI" Name="integ.mmi"/>
  <File Type="OPT-METHODOLOGY-DRC" Name="integ_methodology_drc_opted.rpt"/>
  <File Type="INIT-TIMING" Name="integ_timing_summary_init.rpt"/>
  <File Type="ROUTE-PWR-SUM" Name="integ_power_summary_routed.pb"/>
  <File Type="REPORTS-TCL" Name="integ_reports.tcl"/>
  <File Type="OPT-TIMING" Name="integ_timing_summary_opted.rpt"/>
  <File Type="OPT-DCP" Name="integ_opt.dcp"/>
  <File Type="OPT-DRC" Name="integ_drc_opted.rpt"/>
  <File Type="OPT-HWDEF" Name="integ.hwdef"/>
  <File Type="PWROPT-DCP" Name="integ_pwropt.dcp"/>
  <File Type="PWROPT-DRC" Name="integ_drc_pwropted.rpt"/>
  <File Type="PWROPT-TIMING" Name="integ_timing_summary_pwropted.rpt"/>
  <File Type="PLACE-DCP" Name="integ_placed.dcp"/>
  <File Type="PLACE-IO" Name="integ_io_placed.rpt"/>
  <File Type="PLACE-CLK" Name="integ_clock_utilization_placed.rpt"/>
  <File Type="PLACE-UTIL" Name="integ_utilization_placed.rpt"/>
  <File Type="PLACE-UTIL-PB" Name="integ_utilization_placed.pb"/>
  <File Type="PLACE-CTRL" Name="integ_control_sets_placed.rpt"/>
  <File Type="PLACE-SIMILARITY" Name="integ_incremental_reuse_placed.rpt"/>
  <File Type="PLACE-PRE-SIMILARITY" Name="integ_incremental_reuse_pre_placed.rpt"/>
  <File Type="BG-BIN" Name="integ.bin"/>
  <File Type="PLACE-TIMING" Name="integ_timing_summary_placed.rpt"/>
  <File Type="POSTPLACE-PWROPT-DCP" Name="integ_postplace_pwropt.dcp"/>
  <File Type="BITSTR-MSK" Name="integ.msk"/>
  <File Type="POSTPLACE-PWROPT-TIMING" Name="integ_timing_summary_postplace_pwropted.rpt"/>
  <File Type="PHYSOPT-DCP" Name="integ_physopt.dcp"/>
  <File Type="PHYSOPT-DRC" Name="integ_drc_physopted.rpt"/>
  <File Type="BITSTR-RBT" Name="integ.rbt"/>
  <File Type="PHYSOPT-TIMING" Name="integ_timing_summary_physopted.rpt"/>
  <File Type="ROUTE-ERROR-DCP" Name="integ_routed_error.dcp"/>
  <File Type="ROUTE-DCP" Name="integ_routed.dcp"/>
  <File Type="ROUTE-BLACKBOX-DCP" Name="integ_routed_bb.dcp"/>
  <File Type="ROUTE-DRC" Name="integ_drc_routed.rpt"/>
  <File Type="ROUTE-DRC-PB" Name="integ_drc_routed.pb"/>
  <File Type="ROUTE-DRC-RPX" Name="integ_drc_routed.rpx"/>
  <File Type="ROUTE-METHODOLOGY-DRC" Name="integ_methodology_drc_routed.rpt"/>
  <File Type="ROUTE-METHODOLOGY-DRC-RPX" Name="integ_methodology_drc_routed.rpx"/>
  <File Type="ROUTE-METHODOLOGY-DRC-PB" Name="integ_methodology_drc_routed.pb"/>
  <File Type="ROUTE-PWR-RPX" Name="integ_power_routed.rpx"/>
  <File Type="ROUTE-STATUS" Name="integ_route_status.rpt"/>
  <File Type="ROUTE-STATUS-PB" Name="integ_route_status.pb"/>
  <File Type="ROUTE-TIMINGSUMMARY" Name="integ_timing_summary_routed.rpt"/>
  <File Type="ROUTE-TIMING-PB" Name="integ_timing_summary_routed.pb"/>
  <File Type="ROUTE-TIMING-RPX" Name="integ_timing_summary_routed.rpx"/>
  <File Type="ROUTE-SIMILARITY" Name="integ_incremental_reuse_routed.rpt"/>
  <File Type="ROUTE-CLK" Name="integ_clock_utilization_routed.rpt"/>
  <File Type="ROUTE-BUS-SKEW" Name="integ_bus_skew_routed.rpt"/>
  <File Type="ROUTE-BUS-SKEW-PB" Name="integ_bus_skew_routed.pb"/>
  <File Type="ROUTE-BUS-SKEW-RPX" Name="integ_bus_skew_routed.rpx"/>
  <File Type="POSTROUTE-PHYSOPT-DCP" Name="integ_postroute_physopt.dcp"/>
  <File Type="POSTROUTE-PHYSOPT-BLACKBOX-DCP" Name="integ_postroute_physopt_bb.dcp"/>
  <File Type="POSTROUTE-PHYSOPT-TIMING" Name="integ_timing_summary_postroute_physopted.rpt"/>
  <File Type="POSTROUTE-PHYSOPT-TIMING-PB" Name="integ_timing_summary_postroute_physopted.pb"/>
  <File Type="POSTROUTE-PHYSOPT-TIMING-RPX" Name="integ_timing_summary_postroute_physopted.rpx"/>
  <File Type="POSTROUTE-PHYSOPT-BUS-SKEW" Name="integ_bus_skew_postroute_physopted.rpt"/>
  <File Type="BG-BIT" Name="integ.bit"/>
  <File Type="POSTROUTE-PHYSOPT-BUS-SKEW-PB" Name="integ_bus_skew_postroute_physopted.pb"/>
  <File Type="POSTROUTE-PHYSOPT-BUS-SKEW-RPX" Name="integ_bus_skew_postroute_physopted.rpx"/>
  <File Type="BITSTR-NKY" Name="integ.nky"/>
  <File Type="BITSTR-BMM" Name="integ_bd.bmm"/>
  <File Type="PDI-FILE" Name="integ.pdi"/>
  <File Type="RCFI_FILE" Name="integ.rcfi"/>
  <File Type="CFI_FILE" Name="integ.cfi"/>
  <File Type="RNPI_FILE" Name="integ.rnpi"/>
  <File Type="NPI_FILE" Name="integ.npi"/>
  <File Type="RBD_FILE" Name="integ.rbd"/>
  <File Type="BITSTR-LTX" Name="debug_nets.ltx"/>
  <File Type="BITSTR-LTX" Name="integ.ltx"/>
  <File Type="BITSTR-SYSDEF" Name="integ.sysdef"/>
  <File Type="BG-BGN" Name="integ.bgn"/>
  <File Type="BG-DRC" Name="integ.drc"/>
  <File Type="RDI-RDI" Name="integ.vdi"/>
  <File Type="WBT-USG" Name="usage_statistics_webtalk.html"/>
  <File Type="ROUTE-RQS" Name="integ_routed.rqs"/>
  <File Type="POSTROUTE-PHYSOPT-RQS" Name="integ_postroute_physopted.rqs"/>
  <File Type="ROUTE-RQS-RPT" Name="route_report_qor_suggestions_0.rpt"/>
  <File Type="POSTROUTE-PHYSOPT-RQS-RPT" Name="postroute_physopt_report_qor_suggestions_0.rpt"/>
  <FileSet Name="sources" Type="DesignSrcs" RelSrcDir="$PSRCDIR/sources_1" RelGenDir="$PGENDIR/sources_1">
    <Filter Type="Srcs"/>
    <File Path="$PSRCDIR/sources_1/new/A.v">
      <FileInfo>
        <Attr Name="ImportPath" Val="$PPRDIR/../../../../Downloads/integ_with_score_display/integ_with_ADC/new_integ.srcs/sources_1/new/A.v"/>
        <Attr Name="ImportTime" Val="1682169478"/>
        <Attr Name="UsedIn" Val="synthesis"/>
        <Attr Name="UsedIn" Val="implementation"/>
        <Attr Name="UsedIn" Val="simulation"/>
      </FileInfo>
    </File>
    <File Path="$PSRCDIR/sources_1/new/C.v">
      <FileInfo>
        <Attr Name="ImportPath" Val="$PPRDIR/../../../../Downloads/integ_with_score_display/integ_with_ADC/new_integ.srcs/sources_1/new/C.v"/>
        <Attr Name="ImportTime" Val="1682169478"/>
        <Attr Name="UsedIn" Val="synthesis"/>
        <Attr Name="UsedIn" Val="implementation"/>
        <Attr Name="UsedIn" Val="simulation"/>
      </FileInfo>
    </File>
    <File Path="$PSRCDIR/sources_1/new/alphabets_small/Cs.v">
      <FileInfo>
        <Attr Name="ImportPath" Val="$PPRDIR/../../../../Downloads/integ_with_score_display/integ_with_ADC/new_integ.srcs/sources_1/new/alphabets_small/Cs.v"/>
        <Attr Name="ImportTime" Val="1682169479"/>
        <Attr Name="UsedIn" Val="synthesis"/>
        <Attr Name="UsedIn" Val="implementation"/>
        <Attr Name="UsedIn" Val="simulation"/>
      </FileInfo>
    </File>
    <File Path="$PSRCDIR/sources_1/new/E.v">
      <FileInfo>
        <Attr Name="ImportPath" Val="$PPRDIR/../../../../Downloads/integ_with_score_display/integ_with_ADC/new_integ.srcs/sources_1/new/E.v"/>
        <Attr Name="ImportTime" Val="1682169478"/>
        <Attr Name="UsedIn" Val="synthesis"/>
        <Attr Name="UsedIn" Val="implementation"/>
        <Attr Name="UsedIn" Val="simulation"/>
      </FileInfo>
    </File>
    <File Path="$PSRCDIR/sources_1/new/alphabets_small/Es.v">
      <FileInfo>
        <Attr Name="ImportPath" Val="$PPRDIR/../../../../Downloads/integ_with_score_display/integ_with_ADC/new_integ.srcs/sources_1/new/alphabets_small/Es.v"/>
        <Attr Name="ImportTime" Val="1682169479"/>
        <Attr Name="UsedIn" Val="synthesis"/>
        <Attr Name="UsedIn" Val="implementation"/>
        <Attr Name="UsedIn" Val="simulation"/>
      </FileInfo>
    </File>
    <File Path="$PSRCDIR/sources_1/new/G.v">
      <FileInfo>
        <Attr Name="ImportPath" Val="$PPRDIR/../../../../Downloads/integ_with_score_display/integ_with_ADC/new_integ.srcs/sources_1/new/G.v"/>
        <Attr Name="ImportTime" Val="1682169478"/>
        <Attr Name="UsedIn" Val="synthesis"/>
        <Attr Name="UsedIn" Val="implementation"/>
        <Attr Name="UsedIn" Val="simulation"/>
      </FileInfo>
    </File>
    <File Path="$PSRCDIR/sources_1/new/alphabets_small/Is.v">
      <FileInfo>
        <Attr Name="ImportPath" Val="$PPRDIR/../../../../Downloads/integ_with_score_display/integ_with_ADC/new_integ.srcs/sources_1/new/alphabets_small/Is.v"/>
        <Attr Name="ImportTime" Val="1682169479"/>
        <Attr Name="UsedIn" Val="synthesis"/>
        <Attr Name="UsedIn" Val="implementation"/>
        <Attr Name="UsedIn" Val="simulation"/>
      </FileInfo>
    </File>
    <File Path="$PSRCDIR/sources_1/new/M.v">
      <FileInfo>
        <Attr Name="ImportPath" Val="$PPRDIR/../../../../Downloads/integ_with_score_display/integ_with_ADC/new_integ.srcs/sources_1/new/M.v"/>
        <Attr Name="ImportTime" Val="1682169479"/>
        <Attr Name="UsedIn" Val="synthesis"/>
        <Attr Name="UsedIn" Val="implementation"/>
        <Attr Name="UsedIn" Val="simulation"/>
      </FileInfo>
    </File>
    <File Path="$PSRCDIR/sources_1/new/alphabets_small/Ms.v">
      <FileInfo>
        <Attr Name="ImportPath" Val="$PPRDIR/../../../../Downloads/integ_with_score_display/integ_with_ADC/new_integ.srcs/sources_1/new/alphabets_small/Ms.v"/>
        <Attr Name="ImportTime" Val="1682169479"/>
        <Attr Name="UsedIn" Val="synthesis"/>
        <Attr Name="UsedIn" Val="implementation"/>
        <Attr Name="UsedIn" Val="simulation"/>
      </FileInfo>
    </File>
    <File Path="$PSRCDIR/sources_1/new/N.v">
      <FileInfo>
        <Attr Name="ImportPath" Val="$PPRDIR/../../../../Downloads/integ_with_score_display/integ_with_ADC/new_integ.srcs/sources_1/new/N.v"/>
        <Attr Name="ImportTime" Val="1682169479"/>
        <Attr Name="UsedIn" Val="synthesis"/>
        <Attr Name="UsedIn" Val="implementation"/>
        <Attr Name="UsedIn" Val="simulation"/>
      </FileInfo>
    </File>
    <File Path="$PSRCDIR/sources_1/new/O.v">
      <FileInfo>
        <Attr Name="ImportPath" Val="$PPRDIR/../../../../Downloads/integ_with_score_display/integ_with_ADC/new_integ.srcs/sources_1/new/O.v"/>
        <Attr Name="ImportTime" Val="1682169479"/>
        <Attr Name="UsedIn" Val="synthesis"/>
        <Attr Name="UsedIn" Val="implementation"/>
        <Attr Name="UsedIn" Val="simulation"/>
      </FileInfo>
    </File>
    <File Path="$PSRCDIR/sources_1/new/alphabets_small/Os.v">
      <FileInfo>
        <Attr Name="ImportPath" Val="$PPRDIR/../../../../Downloads/integ_with_score_display/integ_with_ADC/new_integ.srcs/sources_1/new/alphabets_small/Os.v"/>
        <Attr Name="ImportTime" Val="1682169479"/>
        <Attr Name="UsedIn" Val="synthesis"/>
        <Attr Name="UsedIn" Val="implementation"/>
        <Attr Name="UsedIn" Val="simulation"/>
      </FileInfo>
    </File>
    <File Path="$PSRCDIR/sources_1/new/R.v">
      <FileInfo>
        <Attr Name="ImportPath" Val="$PPRDIR/../../../../Downloads/integ_with_score_display/integ_with_ADC/new_integ.srcs/sources_1/new/R.v"/>
        <Attr Name="ImportTime" Val="1682169479"/>
        <Attr Name="UsedIn" Val="synthesis"/>
        <Attr Name="UsedIn" Val="implementation"/>
        <Attr Name="UsedIn" Val="simulation"/>
      </FileInfo>
    </File>
    <File Path="$PSRCDIR/sources_1/new/alphabets_small/Rs.v">
      <FileInfo>
        <Attr Name="ImportPath" Val="$PPRDIR/../../../../Downloads/integ_with_score_display/integ_with_ADC/new_integ.srcs/sources_1/new/alphabets_small/Rs.v"/>
        <Attr Name="ImportTime" Val="1682169479"/>
        <Attr Name="UsedIn" Val="synthesis"/>
        <Attr Name="UsedIn" Val="implementation"/>
        <Attr Name="UsedIn" Val="simulation"/>
      </FileInfo>
    </File>
    <File Path="$PSRCDIR/sources_1/new/S.v">
      <FileInfo>
        <Attr Name="ImportPath" Val="$PPRDIR/../../../../Downloads/integ_with_score_display/integ_with_ADC/new_integ.srcs/sources_1/new/S.v"/>
        <Attr Name="ImportTime" Val="1682169479"/>
        <Attr Name="UsedIn" Val="synthesis"/>
        <Attr Name="UsedIn" Val="implementation"/>
        <Attr Name="UsedIn" Val="simulation"/>
      </FileInfo>
    </File>
    <File Path="$PSRCDIR/sources_1/new/alphabets_small/Ss.v">
      <FileInfo>
        <Attr Name="ImportPath" Val="$PPRDIR/../../../../Downloads/integ_with_score_display/integ_with_ADC/new_integ.srcs/sources_1/new/alphabets_small/Ss.v"/>
        <Attr Name="ImportTime" Val="1682169479"/>
        <Attr Name="UsedIn" Val="synthesis"/>
        <Attr Name="UsedIn" Val="implementation"/>
        <Attr Name="UsedIn" Val="simulation"/>
      </FileInfo>
    </File>
    <File Path="$PSRCDIR/sources_1/new/T.v">
      <FileInfo>
        <Attr Name="ImportPath" Val="$PPRDIR/../../../../Downloads/integ_with_score_display/integ_with_ADC/new_integ.srcs/sources_1/new/T.v"/>
        <Attr Name="ImportTime" Val="1682169479"/>
        <Attr Name="UsedIn" Val="synthesis"/>
        <Attr Name="UsedIn" Val="implementation"/>
        <Attr Name="UsedIn" Val="simulation"/>
      </FileInfo>
    </File>
    <File Path="$PSRCDIR/sources_1/new/V.v">
      <FileInfo>
        <Attr Name="ImportPath" Val="$PPRDIR/../../../../Downloads/integ_with_score_display/integ_with_ADC/new_integ.srcs/sources_1/new/V.v"/>
        <Attr Name="ImportTime" Val="1682169479"/>
        <Attr Name="UsedIn" Val="synthesis"/>
        <Attr Name="UsedIn" Val="implementation"/>
        <Attr Name="UsedIn" Val="simulation"/>
      </FileInfo>
    </File>
    <File Path="$PSRCDIR/sources_1/new/bold_cur.v">
      <FileInfo>
        <Attr Name="ImportPath" Val="$PPRDIR/../../../../Downloads/integ_with_score_display/integ_with_ADC/new_integ.srcs/sources_1/new/bold_cur.v"/>
        <Attr Name="ImportTime" Val="1682169478"/>
        <Attr Name="UsedIn" Val="synthesis"/>
        <Attr Name="UsedIn" Val="implementation"/>
        <Attr Name="UsedIn" Val="simulation"/>
      </FileInfo>
    </File>
    <File Path="$PSRCDIR/sources_1/new/colon.v">
      <FileInfo>
        <Attr Name="ImportPath" Val="$PPRDIR/../../../../Downloads/integ_with_score_display/integ_with_ADC/new_integ.srcs/sources_1/new/colon.v"/>
        <Attr Name="ImportTime" Val="1682169478"/>
        <Attr Name="UsedIn" Val="synthesis"/>
        <Attr Name="UsedIn" Val="implementation"/>
        <Attr Name="UsedIn" Val="simulation"/>
      </FileInfo>
    </File>
    <File Path="$PSRCDIR/sources_1/new/color_display.v">
      <FileInfo>
        <Attr Name="ImportPath" Val="$PPRDIR/../../../../Downloads/integ_with_score_display/integ_with_ADC/new_integ.srcs/sources_1/new/color_display.v"/>
        <Attr Name="ImportTime" Val="1682169478"/>
        <Attr Name="UsedIn" Val="synthesis"/>
        <Attr Name="UsedIn" Val="implementation"/>
        <Attr Name="UsedIn" Val="simulation"/>
      </FileInfo>
    </File>
    <File Path="$PSRCDIR/sources_1/new/congrats.v">
      <FileInfo>
        <Attr Name="ImportPath" Val="$PPRDIR/../../../../Downloads/integ_with_score_display/integ_with_ADC/new_integ.srcs/sources_1/new/congrats.v"/>
        <Attr Name="ImportTime" Val="1682169478"/>
        <Attr Name="UsedIn" Val="synthesis"/>
        <Attr Name="UsedIn" Val="implementation"/>
        <Attr Name="UsedIn" Val="simulation"/>
      </FileInfo>
    </File>
    <File Path="$PSRCDIR/sources_1/new/control.v">
      <FileInfo>
        <Attr Name="ImportPath" Val="$PPRDIR/../../../../Downloads/integ_with_score_display/integ_with_ADC/new_integ.srcs/sources_1/new/control.v"/>
        <Attr Name="ImportTime" Val="1682169478"/>
        <Attr Name="UsedIn" Val="synthesis"/>
        <Attr Name="UsedIn" Val="implementation"/>
        <Attr Name="UsedIn" Val="simulation"/>
      </FileInfo>
    </File>
    <File Path="$PSRCDIR/sources_1/new/coord.v">
      <FileInfo>
        <Attr Name="ImportPath" Val="$PPRDIR/../../../../Downloads/integ_with_score_display/integ_with_ADC/new_integ.srcs/sources_1/new/coord.v"/>
        <Attr Name="ImportTime" Val="1682169478"/>
        <Attr Name="UsedIn" Val="synthesis"/>
        <Attr Name="UsedIn" Val="implementation"/>
        <Attr Name="UsedIn" Val="simulation"/>
      </FileInfo>
    </File>
    <File Path="$PSRCDIR/sources_1/new/cur_in_frt.v">
      <FileInfo>
        <Attr Name="UsedIn" Val="synthesis"/>
        <Attr Name="UsedIn" Val="implementation"/>
        <Attr Name="UsedIn" Val="simulation"/>
      </FileInfo>
    </File>
    <File Path="$PSRCDIR/sources_1/new/cursor_check.v">
      <FileInfo>
        <Attr Name="ImportPath" Val="$PPRDIR/../../../../Downloads/integ_with_score_display/integ_with_ADC/new_integ.srcs/sources_1/new/cursor_check.v"/>
        <Attr Name="ImportTime" Val="1682169478"/>
        <Attr Name="UsedIn" Val="synthesis"/>
        <Attr Name="UsedIn" Val="implementation"/>
        <Attr Name="UsedIn" Val="simulation"/>
      </FileInfo>
    </File>
    <File Path="$PSRCDIR/sources_1/new/cursor_update.v">
      <FileInfo>
        <Attr Name="ImportPath" Val="$PPRDIR/../../../../Downloads/integ_with_score_display/integ_with_ADC/new_integ.srcs/sources_1/new/cursor_update.v"/>
        <Attr Name="ImportTime" Val="1682169478"/>
        <Attr Name="UsedIn" Val="synthesis"/>
        <Attr Name="UsedIn" Val="implementation"/>
        <Attr Name="UsedIn" Val="simulation"/>
      </FileInfo>
    </File>
    <File Path="$PSRCDIR/sources_1/new/diggen.v">
      <FileInfo>
        <Attr Name="ImportPath" Val="$PPRDIR/../../../../Downloads/integ_with_score_display/integ_with_ADC/new_integ.srcs/sources_1/new/diggen.v"/>
        <Attr Name="ImportTime" Val="1682169478"/>
        <Attr Name="UsedIn" Val="synthesis"/>
        <Attr Name="UsedIn" Val="implementation"/>
        <Attr Name="UsedIn" Val="simulation"/>
      </FileInfo>
    </File>
    <File Path="$PSRCDIR/sources_1/new/disp_sync.v">
      <FileInfo>
        <Attr Name="ImportPath" Val="$PPRDIR/../../../../Downloads/integ_with_score_display/integ_with_ADC/new_integ.srcs/sources_1/new/disp_sync.v"/>
        <Attr Name="ImportTime" Val="1682169478"/>
        <Attr Name="UsedIn" Val="synthesis"/>
        <Attr Name="UsedIn" Val="implementation"/>
        <Attr Name="UsedIn" Val="simulation"/>
      </FileInfo>
    </File>
    <File Path="$PSRCDIR/sources_1/new/fruit_check.v">
      <FileInfo>
        <Attr Name="ImportPath" Val="$PPRDIR/../../../../Downloads/integ_with_score_display/integ_with_ADC/new_integ.srcs/sources_1/new/fruit_check.v"/>
        <Attr Name="ImportTime" Val="1682169478"/>
        <Attr Name="UsedIn" Val="synthesis"/>
        <Attr Name="UsedIn" Val="implementation"/>
        <Attr Name="UsedIn" Val="simulation"/>
      </FileInfo>
    </File>
    <File Path="$PSRCDIR/sources_1/new/game_over.v">
      <FileInfo>
        <Attr Name="ImportPath" Val="$PPRDIR/../../../../Downloads/integ_with_score_display/integ_with_ADC/new_integ.srcs/sources_1/new/game_over.v"/>
        <Attr Name="ImportTime" Val="1682169478"/>
        <Attr Name="UsedIn" Val="synthesis"/>
        <Attr Name="UsedIn" Val="implementation"/>
        <Attr Name="UsedIn" Val="simulation"/>
      </FileInfo>
    </File>
    <File Path="$PSRCDIR/sources_1/new/joystick_ADC.v">
      <FileInfo>
        <Attr Name="ImportPath" Val="$PPRDIR/../../../../Downloads/integ_with_score_display/integ_with_ADC/new_integ.srcs/sources_1/new/joystick_ADC.v"/>
        <Attr Name="ImportTime" Val="1682169479"/>
        <Attr Name="UsedIn" Val="synthesis"/>
        <Attr Name="UsedIn" Val="implementation"/>
        <Attr Name="UsedIn" Val="simulation"/>
      </FileInfo>
    </File>
    <File Path="$PSRCDIR/sources_1/new/misses.v">
      <FileInfo>
        <Attr Name="ImportPath" Val="$PPRDIR/../../../../Downloads/integ_with_score_display/integ_with_ADC/new_integ.srcs/sources_1/new/misses.v"/>
        <Attr Name="ImportTime" Val="1682169479"/>
        <Attr Name="UsedIn" Val="synthesis"/>
        <Attr Name="UsedIn" Val="implementation"/>
        <Attr Name="UsedIn" Val="simulation"/>
      </FileInfo>
    </File>
    <File Path="$PSRCDIR/sources_1/new/num_disp.v">
      <FileInfo>
        <Attr Name="ImportPath" Val="$PPRDIR/../../../../Downloads/integ_with_score_display/integ_with_ADC/new_integ.srcs/sources_1/new/num_disp.v"/>
        <Attr Name="ImportTime" Val="1682169479"/>
        <Attr Name="UsedIn" Val="synthesis"/>
        <Attr Name="UsedIn" Val="implementation"/>
        <Attr Name="UsedIn" Val="simulation"/>
      </FileInfo>
    </File>
    <File Path="$PSRCDIR/sources_1/new/rng_1.v">
      <FileInfo>
        <Attr Name="ImportPath" Val="$PPRDIR/../../../../Downloads/integ_with_score_display/integ_with_ADC/new_integ.srcs/sources_1/new/rng_1.v"/>
        <Attr Name="ImportTime" Val="1682169479"/>
        <Attr Name="UsedIn" Val="synthesis"/>
        <Attr Name="UsedIn" Val="implementation"/>
        <Attr Name="UsedIn" Val="simulation"/>
      </FileInfo>
    </File>
    <File Path="$PSRCDIR/sources_1/new/rng_16.v">
      <FileInfo>
        <Attr Name="ImportPath" Val="$PPRDIR/../../../../Downloads/integ_with_score_display/integ_with_ADC/new_integ.srcs/sources_1/new/rng_16.v"/>
        <Attr Name="ImportTime" Val="1682169479"/>
        <Attr Name="UsedIn" Val="synthesis"/>
        <Attr Name="UsedIn" Val="implementation"/>
        <Attr Name="UsedIn" Val="simulation"/>
      </FileInfo>
    </File>
    <File Path="$PSRCDIR/sources_1/new/rng_20.v">
      <FileInfo>
        <Attr Name="ImportPath" Val="$PPRDIR/../../../../Downloads/integ_with_score_display/integ_with_ADC/new_integ.srcs/sources_1/new/rng_20.v"/>
        <Attr Name="ImportTime" Val="1682169479"/>
        <Attr Name="UsedIn" Val="synthesis"/>
        <Attr Name="UsedIn" Val="implementation"/>
        <Attr Name="UsedIn" Val="simulation"/>
      </FileInfo>
    </File>
    <File Path="$PSRCDIR/sources_1/new/rng_25.v">
      <FileInfo>
        <Attr Name="ImportPath" Val="$PPRDIR/../../../../Downloads/integ_with_score_display/integ_with_ADC/new_integ.srcs/sources_1/new/rng_25.v"/>
        <Attr Name="ImportTime" Val="1682169479"/>
        <Attr Name="UsedIn" Val="synthesis"/>
        <Attr Name="UsedIn" Val="implementation"/>
        <Attr Name="UsedIn" Val="simulation"/>
      </FileInfo>
    </File>
    <File Path="$PSRCDIR/sources_1/new/rng_28.v">
      <FileInfo>
        <Attr Name="ImportPath" Val="$PPRDIR/../../../../Downloads/integ_with_score_display/integ_with_ADC/new_integ.srcs/sources_1/new/rng_28.v"/>
        <Attr Name="ImportTime" Val="1682169479"/>
        <Attr Name="UsedIn" Val="synthesis"/>
        <Attr Name="UsedIn" Val="implementation"/>
        <Attr Name="UsedIn" Val="simulation"/>
      </FileInfo>
    </File>
    <File Path="$PSRCDIR/sources_1/new/rng_5.v">
      <FileInfo>
        <Attr Name="ImportPath" Val="$PPRDIR/../../../../Downloads/integ_with_score_display/integ_with_ADC/new_integ.srcs/sources_1/new/rng_5.v"/>
        <Attr Name="ImportTime" Val="1682169479"/>
        <Attr Name="UsedIn" Val="synthesis"/>
        <Attr Name="UsedIn" Val="implementation"/>
        <Attr Name="UsedIn" Val="simulation"/>
      </FileInfo>
    </File>
    <File Path="$PSRCDIR/sources_1/new/score_display.v">
      <FileInfo>
        <Attr Name="ImportPath" Val="$PPRDIR/../../../../Downloads/integ_with_score_display/integ_with_ADC/new_integ.srcs/sources_1/new/score_display.v"/>
        <Attr Name="ImportTime" Val="1682169479"/>
        <Attr Name="UsedIn" Val="synthesis"/>
        <Attr Name="UsedIn" Val="implementation"/>
        <Attr Name="UsedIn" Val="simulation"/>
      </FileInfo>
    </File>
    <File Path="$PSRCDIR/sources_1/new/scoreck.v">
      <FileInfo>
        <Attr Name="ImportPath" Val="$PPRDIR/../../../../Downloads/integ_with_score_display/integ_with_ADC/new_integ.srcs/sources_1/new/scoreck.v"/>
        <Attr Name="ImportTime" Val="1682169479"/>
        <Attr Name="UsedIn" Val="synthesis"/>
        <Attr Name="UsedIn" Val="implementation"/>
        <Attr Name="UsedIn" Val="simulation"/>
      </FileInfo>
    </File>
    <File Path="$PSRCDIR/sources_1/new/integ.v">
      <FileInfo>
        <Attr Name="ImportPath" Val="$PPRDIR/../../../../Downloads/integ_with_score_display/integ_with_ADC/new_integ.srcs/sources_1/new/integ.v"/>
        <Attr Name="ImportTime" Val="1682169478"/>
        <Attr Name="UsedIn" Val="synthesis"/>
        <Attr Name="UsedIn" Val="implementation"/>
        <Attr Name="UsedIn" Val="simulation"/>
      </FileInfo>
    </File>
    <File Path="$PSRCDIR/sources_1/new/square_check.v">
      <FileInfo>
        <Attr Name="AutoDisabled" Val="1"/>
        <Attr Name="ImportPath" Val="$PPRDIR/../../../../Downloads/integ_with_score_display/integ_with_ADC/new_integ.srcs/sources_1/new/square_check.v"/>
        <Attr Name="ImportTime" Val="1682169479"/>
        <Attr Name="UsedIn" Val="synthesis"/>
        <Attr Name="UsedIn" Val="implementation"/>
        <Attr Name="UsedIn" Val="simulation"/>
      </FileInfo>
    </File>
    <Config>
      <Option Name="DesignMode" Val="RTL"/>
      <Option Name="TopModule" Val="integ"/>
      <Option Name="TopAutoSet" Val="TRUE"/>
    </Config>
  </FileSet>
  <FileSet Name="constrs_in" Type="Constrs" RelSrcDir="$PSRCDIR/constrs_1">
    <Filter Type="Constrs"/>
    <File Path="$PSRCDIR/constrs_1/new/constrs.xdc">
      <FileInfo>
        <Attr Name="ImportPath" Val="$PPRDIR/../../../../Downloads/integ_with_score_display/integ_with_ADC/new_integ.srcs/constrs_1/new/constrs.xdc"/>
        <Attr Name="ImportTime" Val="1682169478"/>
        <Attr Name="UsedIn" Val="synthesis"/>
        <Attr Name="UsedIn" Val="implementation"/>
      </FileInfo>
    </File>
    <Config>
      <Option Name="TargetConstrsFile" Val="$PSRCDIR/constrs_1/new/constrs.xdc"/>
      <Option Name="ConstrsType" Val="XDC"/>
    </Config>
  </FileSet>
  <FileSet Name="utils" Type="Utils" RelSrcDir="$PSRCDIR/utils_1">
    <Filter Type="Utils"/>
    <File Path="$PSRCDIR/utils_1/imports/synth_1/integ.dcp">
      <FileInfo>
        <Attr Name="ImportPath" Val="$PPRDIR/../../../../Downloads/integ_with_score_display/integ_with_ADC/new_integ.srcs/utils_1/imports/synth_1/integ.dcp"/>
        <Attr Name="ImportTime" Val="1682169479"/>
        <Attr Name="UsedIn" Val="synthesis"/>
        <Attr Name="UsedIn" Val="implementation"/>
        <Attr Name="UsedInSteps" Val="synth_1"/>
        <Attr Name="AutoDcp" Val="1"/>
      </FileInfo>
    </File>
    <Config>
      <Option Name="TopAutoSet" Val="TRUE"/>
    </Config>
  </FileSet>
  <Strategy Version="1" Minor="2">
    <StratHandle Name="Vivado Implementation Defaults" Flow="Vivado Implementation 2022"/>
    <Step Id="init_design"/>
    <Step Id="opt_design"/>
    <Step Id="power_opt_design"/>
    <Step Id="place_design"/>
    <Step Id="post_place_power_opt_design"/>
    <Step Id="phys_opt_design"/>
    <Step Id="route_design"/>
    <Step Id="post_route_phys_opt_design"/>
    <Step Id="write_bitstream">
      <Option Id="BinFile">1</Option>
    </Step>
  </Strategy>
  <BlockFileSet Type="BlockSrcs" Name="clk_40M"/>
  <BlockFileSet Type="BlockSrcs" Name="xadc_wiz_0"/>
</GenRun>
