<?xml version="1.0" encoding="UTF-8"?>
<GenRun Id="xadc_wiz_0_synth_1" LaunchPart="xc7a100tcsg324-1" LaunchTime="1681755228">
  <File Type="PA-TCL" Name="xadc_wiz_0.tcl"/>
  <File Type="REPORTS-TCL" Name="xadc_wiz_0_reports.tcl"/>
  <File Type="RDS-RDS" Name="xadc_wiz_0.vds"/>
  <File Type="RDS-UTIL" Name="xadc_wiz_0_utilization_synth.rpt"/>
  <File Type="RDS-UTIL-PB" Name="xadc_wiz_0_utilization_synth.pb"/>
  <File Type="RDS-DCP" Name="xadc_wiz_0.dcp"/>
  <FileSet Name="sources" Type="BlockSrcs" RelSrcDir="$PSRCDIR/xadc_wiz_0">
    <File Path="$PSRCDIR/sources_1/ip/xadc_wiz_0/xadc_wiz_0.xci">
      <FileInfo>
        <Attr Name="ImportPath" Val="$PPRDIR/../../../../Downloads/integ_with_score_display/integ_with_ADC/new_integ.srcs/sources_1/ip/xadc_wiz_0/xadc_wiz_0.xci"/>
        <Attr Name="ImportTime" Val="1682185472"/>
        <Attr Name="UsedIn" Val="synthesis"/>
        <Attr Name="UsedIn" Val="implementation"/>
        <Attr Name="UsedIn" Val="simulation"/>
      </FileInfo>
    </File>
    <Config>
      <Option Name="TopModule" Val="xadc_wiz_0"/>
      <Option Name="UseBlackboxStub" Val="1"/>
    </Config>
  </FileSet>
  <FileSet Name="constrs_in" Type="BlockSrcs" RelSrcDir="$PSRCDIR/xadc_wiz_0">
    <File Path="$PSRCDIR/sources_1/ip/xadc_wiz_0/xadc_wiz_0.xci">
      <FileInfo>
        <Attr Name="ImportPath" Val="$PPRDIR/../../../../Downloads/integ_with_score_display/integ_with_ADC/new_integ.srcs/sources_1/ip/xadc_wiz_0/xadc_wiz_0.xci"/>
        <Attr Name="ImportTime" Val="1682185472"/>
        <Attr Name="UsedIn" Val="synthesis"/>
        <Attr Name="UsedIn" Val="implementation"/>
        <Attr Name="UsedIn" Val="simulation"/>
      </FileInfo>
    </File>
    <Config>
      <Option Name="TopModule" Val="xadc_wiz_0"/>
      <Option Name="UseBlackboxStub" Val="1"/>
    </Config>
  </FileSet>
  <FileSet Name="utils" Type="Utils" RelSrcDir="$PSRCDIR/utils_1">
    <Filter Type="Utils"/>
    <File Path="$PSRCDIR/utils_1/imports/synth_1/integ.dcp">
      <FileInfo>
        <Attr Name="ImportPath" Val="$PPRDIR/../../../../Downloads/integ_with_score_display/integ_with_ADC/new_integ.srcs/utils_1/imports/synth_1/integ.dcp"/>
        <Attr Name="ImportTime" Val="1682169479"/>
        <Attr Name="UsedIn" Val="synthesis"/>
        <Attr Name="UsedIn" Val="implementation"/>
        <Attr Name="UsedInSteps" Val="synth_1"/>
        <Attr Name="AutoDcp" Val="1"/>
      </FileInfo>
    </File>
    <Config>
      <Option Name="TopAutoSet" Val="TRUE"/>
    </Config>
  </FileSet>
  <Strategy Version="1" Minor="2">
    <StratHandle Name="Vivado Synthesis Defaults" Flow="Vivado Synthesis 2022"/>
    <Step Id="synth_design"/>
  </Strategy>
</GenRun>
